{
  "project_info": {
    "project_number": "460167050397",
    "project_id": "mynews-78252",
    "storage_bucket": "mynews-78252.appspot.com"
  },
  "client": [
    {
      "client_info": {
        "mobilesdk_app_id": "1:460167050397:android:eceafebba3b9d648289074",
        "android_client_info": {
          "package_name": "com.example.justnews"
        }
      },
      "oauth_client": [],
      "api_key": [
        {
          "current_key": "AIzaSyAT2g6dSWq0kH9jzZ48rf-0J4-JUmqMm98"
        }
      ],
      "services": {
        "appinvite_service": {
          "other_platform_oauth_client": []
        }
      }
    }
  ],
  "configuration_version": "1"
}